{"cameraMode":{"drawMode":0,"name":"Shaded","section":"Shading Mode"},"sceneLighting":true,"audioPlay":false,"sceneViewState":{"showFog":false,"showMaterialUpdate":false,"showSkybox":true,"showFlares":false,"showImageEffects":false,"showParticleSystems":false},"in2DMode":false,"pivot":{"x":666.0462646484375,"y":364.7748107910156,"z":-475.2821044921875},"rotation":{"x":0.007191062904894352,"y":0.0045427377335727219,"z":0.000013447119272314012,"w":-0.9999729990959168},"size":100.87509155273438,"orthographic":false}