{"cameraMode":{"drawMode":0,"name":"Shaded","section":"Shading Mode"},"sceneLighting":false,"audioPlay":false,"sceneViewState":{"showFog":false,"showMaterialUpdate":false,"showSkybox":false,"showFlares":false,"showImageEffects":false,"showParticleSystems":false},"in2DMode":false,"pivot":{"x":7.450580596923828e-9,"y":379.0,"z":-7.450580596923828e-9},"rotation":{"x":0.0002646954671945423,"y":0.9632943272590637,"z":-0.26847636699676516,"w":0.0008945069857873023},"size":0.6866134405136108,"orthographic":false}